43,AKG K361,"Samsung AKG K361 - это полноразмерные наушники с высоким качеством звука и комфортной посадкой. Они обеспечивают чистое звучание и глубокие басы. Подходят для прослушивания музыки, просмотра фильмов и звонков.",7990,15,2024-07-11 03:00:00+03,2024-07-17 03:00:00+03,3,0,https://firebasestorage.googleapis.com/v0/b/webstore-410ac.appspot.com/o/%D0%9D%D0%B0%D1%83%D1%88%D0%BD%D0%B8%D0%BA%D0%B8%2F%D0%9D%D0%B0%D1%83%D1%88%D0%BD%D0%B8%D0%BA%D0%B8%20%D0%BC%D0%BE%D0%BD%D0%B8%D1%82%D0%BE%D1%80%D1%8B%2F14.jpeg?alt=media&token=60507503-af22-49a0-8e0c-da3f8edaf7db,2024-05-11 15:33:48.392+03,2024-05-11 15:33:48.392+03,3,2
44,WH-1000XM4,"Sony WH-1000XM4 - это высококачественные наушники с технологией активного шумоподавления. Они обеспечивают превосходное качество звука, удобство при ношении и долгое время работы от одной зарядки. Идеально подходят для прослушивания музыки и проведения звонков в любой обстановке.",29990,10,2024-07-15 03:00:00+03,2024-07-21 03:00:00+03,8,0,https://firebasestorage.googleapis.com/v0/b/webstore-410ac.appspot.com/o/%D0%9D%D0%B0%D1%83%D1%88%D0%BD%D0%B8%D0%BA%D0%B8%2F%D0%9D%D0%B0%D1%83%D1%88%D0%BD%D0%B8%D0%BA%D0%B8%20%D0%BC%D0%BE%D0%BD%D0%B8%D1%82%D0%BE%D1%80%D1%8B%2F15.avif?alt=media&token=0e2b01de-e83a-43b2-8fc6-a6c1cc3d5de2,2024-05-11 15:34:48.114+03,2024-05-11 15:34:48.114+03,3,4
59,SmartWash 8,Honor SmartWash 8 - это интеллектуальная стиральная машина с загрузкой до 8 кг белья. Она оснащена сенсорным управлением и широким выбором программ стирки.,28990,0,2024-07-20 03:00:00+03,2024-07-27 03:00:00+03,2,0,https://firebasestorage.googleapis.com/v0/b/webstore-410ac.appspot.com/o/%D0%91%D1%8B%D1%82%D0%BE%D0%B2%D0%B0%D1%8F%20%D1%82%D0%B5%D1%85%D0%BD%D0%B8%D0%BA%D0%B0%2F%D0%A1%D1%82%D0%B8%D1%80%D0%B0%D0%BB%D1%8C%D0%BD%D1%8B%D0%B5%20%D0%BC%D0%B0%D1%88%D0%B8%D0%BD%D1%8B%2F30.webp?alt=media&token=7dce6fac-38a5-488a-8a60-d3be329a67bb,2024-05-11 15:48:05.2+03,2024-05-11 15:48:05.2+03,6,5
61,SmartCook 6L,Мультиварка Samsung SmartCook 6L предлагает широкий выбор программ приготовления и режимов работы. Она оснащена интеллектуальной системой управления и кастрюлей объемом 6 л.,8990,0,2024-07-22 03:00:00+03,2024-07-29 03:00:00+03,2,0,https://firebasestorage.googleapis.com/v0/b/webstore-410ac.appspot.com/o/%D0%91%D1%8B%D1%82%D0%BE%D0%B2%D0%B0%D1%8F%20%D1%82%D0%B5%D1%85%D0%BD%D0%B8%D0%BA%D0%B0%2F%D0%9C%D1%83%D0%BB%D1%8C%D1%82%D0%B8%D0%B2%D0%B0%D1%80%D0%BA%D0%B8%2F32.jpeg?alt=media&token=60d99064-bef6-4c2b-a484-e31593dde06e,2024-05-11 15:49:50.679+03,2024-05-11 15:49:50.679+03,7,2
62,MiHome 5L,Мультиварка Xiaomi MiHome 5L представляет собой умное устройство с многофункциональной кастрюлей объемом 5 литров. Она обладает интегрированным сенсорным дисплеем и множеством программ приготовления.,9990,0,2024-07-20 03:00:00+03,2024-07-27 03:00:00+03,4,0,https://firebasestorage.googleapis.com/v0/b/webstore-410ac.appspot.com/o/%D0%91%D1%8B%D1%82%D0%BE%D0%B2%D0%B0%D1%8F%20%D1%82%D0%B5%D1%85%D0%BD%D0%B8%D0%BA%D0%B0%2F%D0%9C%D1%83%D0%BB%D1%8C%D1%82%D0%B8%D0%B2%D0%B0%D1%80%D0%BA%D0%B8%2F33.jpeg?alt=media&token=a5dcc447-a252-411f-adcb-bf9e0377712c,2024-05-11 15:50:04.354+03,2024-05-11 15:50:04.354+03,7,3
63,MultiMaster 8L,Мультиварка Sony MultiMaster 8L - это многофункциональное устройство с кастрюлей на 8 литров. Она оснащена широким выбором программ приготовления и интеллектуальной системой управления.,12990,0,2024-07-18 03:00:00+03,2024-07-25 03:00:00+03,3,0,https://firebasestorage.googleapis.com/v0/b/webstore-410ac.appspot.com/o/%D0%91%D1%8B%D1%82%D0%BE%D0%B2%D0%B0%D1%8F%20%D1%82%D0%B5%D1%85%D0%BD%D0%B8%D0%BA%D0%B0%2F%D0%9C%D1%83%D0%BB%D1%8C%D1%82%D0%B8%D0%B2%D0%B0%D1%80%D0%BA%D0%B8%2F34.png?alt=media&token=bcccd1c1-e162-4409-8807-b72524cc9977,2024-05-11 15:50:14.392+03,2024-05-11 15:50:14.392+03,7,4
41,Magic Over-Ear Headphones,"Honor Magic Over-Ear Headphones - это стильные и функциональные наушники с высоким качеством звука. Они обеспечивают отличное звучание и комфорт при ношении. Идеальны для прослушивания музыки, игр и просмотра фильмов.",3790,10,2024-06-30 03:00:00+03,2024-07-06 03:00:00+03,7,0,https://firebasestorage.googleapis.com/v0/b/webstore-410ac.appspot.com/o/%D0%9D%D0%B0%D1%83%D1%88%D0%BD%D0%B8%D0%BA%D0%B8%2F%D0%9D%D0%B0%D1%83%D1%88%D0%BD%D0%B8%D0%BA%D0%B8%20%D0%BC%D0%BE%D0%BD%D0%B8%D1%82%D0%BE%D1%80%D1%8B%2F12.png?alt=media&token=a8009597-3c5e-4f39-a2d3-fcda8fc3e50e,2024-05-11 15:29:48.663+03,2024-05-11 15:29:48.663+03,3,5
42,AirPods Max,"AirPods Max - это полноразмерные беспроводные наушники с высоким качеством звука и стильным дизайном. Они обеспечивают превосходное звучание и комфорт при носке. Подходят для прослушивания музыки, просмотра фильмов и звонков.",54990,0,2024-07-05 03:00:00+03,2024-07-11 03:00:00+03,7,0,https://firebasestorage.googleapis.com/v0/b/webstore-410ac.appspot.com/o/%D0%9D%D0%B0%D1%83%D1%88%D0%BD%D0%B8%D0%BA%D0%B8%2F%D0%9D%D0%B0%D1%83%D1%88%D0%BD%D0%B8%D0%BA%D0%B8%20%D0%BC%D0%BE%D0%BD%D0%B8%D1%82%D0%BE%D1%80%D1%8B%2F13.webp?alt=media&token=1245cc64-0d6f-4875-8797-0917d9e96c1a,2024-05-11 15:31:13.644+03,2024-05-11 15:31:13.644+03,3,1
45,MDR-XB55AP,Sony MDR-XB55AP - это проводные наушники-вкладыши с высоким качеством звука и усиленным басом. Они обеспечивают комфортное ношение благодаря эргономичным амбушюрам и удобному кабелю с микрофоном и пультом управления.,1990,0,2024-07-17 03:00:00+03,2024-07-23 03:00:00+03,9,0,https://firebasestorage.googleapis.com/v0/b/webstore-410ac.appspot.com/o/%D0%9D%D0%B0%D1%83%D1%88%D0%BD%D0%B8%D0%BA%D0%B8%2F%D0%9D%D0%B0%D1%83%D1%88%D0%BD%D0%B8%D0%BA%D0%B8%20%D0%B2%D0%BA%D0%BB%D0%B0%D0%B4%D1%8B%D1%88%D0%B8%2F16.jpeg?alt=media&token=cfb534cc-d977-41cc-87bb-82e9793ad481,2024-05-11 15:37:55.129+03,2024-05-11 15:37:55.129+03,4,4
46,EO-IG955,Samsung EO-IG955 - это стильные проводные наушники-вкладыши с чистым звучанием и удобным дизайном. Они обеспечивают комфортное прослушивание музыки или звонков благодаря эргономичным амбушюрам и длинному кабелю.,1490,10,2024-07-15 03:00:00+03,2024-07-22 03:00:00+03,5,0,https://firebasestorage.googleapis.com/v0/b/webstore-410ac.appspot.com/o/%D0%9D%D0%B0%D1%83%D1%88%D0%BD%D0%B8%D0%BA%D0%B8%2F%D0%9D%D0%B0%D1%83%D1%88%D0%BD%D0%B8%D0%BA%D0%B8%20%D0%B2%D0%BA%D0%BB%D0%B0%D0%B4%D1%8B%D1%88%D0%B8%2F17.avif?alt=media&token=feb06ceb-c22f-47eb-bef4-f5b0c47ce0eb,2024-05-11 15:38:19.918+03,2024-05-11 15:38:19.918+03,4,2
72,Mi Gaming Desktop,"Xiaomi Mi Gaming Desktop - это игровой настольный компьютер, который обеспечивает высокую производительность и графику для игр. Он оснащен процессором Intel Core i9 и видеокартой NVIDIA GeForce RTX 3080 для плавного и реалистичного воспроизведения игр. Этот компьютер также имеет эффективную систему охлаждения для поддержания низких температур во время длительных игровых сессий.",169990,0,2024-08-03 03:00:00+03,2024-08-08 03:00:00+03,0,0,https://firebasestorage.googleapis.com/v0/b/webstore-410ac.appspot.com/o/%D0%9A%D0%BE%D0%BC%D0%BF%D1%8C%D1%8E%D1%82%D0%B5%D1%80%D1%8B%2F%D0%A1%D0%B8%D1%81%D1%82%D0%B5%D0%BC%D0%BD%D1%8B%D0%B5%20%D0%B1%D0%BB%D0%BE%D0%BA%D0%B8%2F42.webp?alt=media&token=95e8eb94-e41f-47cc-98ba-79c9906d0dbb,2024-05-11 16:02:23.229+03,2024-05-11 16:02:23.229+03,9,3
65,Crystal UHD TU8000 65,"Samsung Crystal UHD TU8000 65 - это телевизор с диагональю 65 дюймов и разрешением 4K Ultra HD. Он оснащен технологией Crystal UHD, которая обеспечивает яркое и четкое изображение с высоким уровнем детализации. Этот телевизор также поддерживает HDR, что позволяет вам наслаждаться более яркими и реалистичными цветами. Благодаря частоте обновления 60 Гц, изображение остается плавным даже в динамичных сценах.",79990,0,2024-07-15 03:00:00+03,2024-07-20 03:00:00+03,3,0,https://firebasestorage.googleapis.com/v0/b/webstore-410ac.appspot.com/o/%D0%91%D1%8B%D1%82%D0%BE%D0%B2%D0%B0%D1%8F%20%D1%82%D0%B5%D1%85%D0%BD%D0%B8%D0%BA%D0%B0%2F%D0%A2%D0%B5%D0%BB%D0%B5%D0%B2%D0%B8%D0%B7%D0%BE%D1%80%D1%8B%2F40.webp?alt=media&token=7a281a8c-d350-44c3-89e7-e1ec6806dba0,2024-05-11 15:57:20.526+03,2024-05-11 15:57:20.526+03,8,2
68,Vision X1 55,"Honor Vision X1 55 - это телевизор с диагональю 55 дюймов и разрешением 4K Ultra HD. Он оснащен технологией 8K HDR, которая обеспечивает удивительно четкое и яркое изображение. Технология Motion Clear позволяет снизить размытие движения для более плавного просмотра быстродвижущихся сцен. Этот телевизор также поддерживает управление голосом и имеет встроенные микрофоны.",59990,0,2024-07-20 03:00:00+03,2024-07-25 03:00:00+03,0,0,https://firebasestorage.googleapis.com/v0/b/webstore-410ac.appspot.com/o/%D0%91%D1%8B%D1%82%D0%BE%D0%B2%D0%B0%D1%8F%20%D1%82%D0%B5%D1%85%D0%BD%D0%B8%D0%BA%D0%B0%2F%D0%A2%D0%B5%D0%BB%D0%B5%D0%B2%D0%B8%D0%B7%D0%BE%D1%80%D1%8B%2F36.jpeg?alt=media&token=86fc98d6-2ef7-4f7c-897d-b53de69ec258,2024-05-11 15:58:55.461+03,2024-05-11 15:58:55.461+03,8,5
35,Mi AirDots Pro 3 TWS,"Элегантные беспроводные наушники Xiaomi Mi AirDots Pro 3 TWS обеспечивают высококачественное звучание и надежное соединение с устройствами. Они оснащены передовой технологией активного шумоподавления, которая позволяет наслаждаться чистым звуком. Наушники легкие и удобные в ношении, а их компактный чехол-зарядка обеспечивает продолжительное время автономной работы.",8490,0,2024-06-23 03:00:00+03,2024-06-28 03:00:00+03,6,0,https://firebasestorage.googleapis.com/v0/b/webstore-410ac.appspot.com/o/%D0%9D%D0%B0%D1%83%D1%88%D0%BD%D0%B8%D0%BA%D0%B8%2F%D0%9D%D0%B0%D1%83%D1%88%D0%BD%D0%B8%D0%BA%D0%B8%20TWS%2F7.jpeg?alt=media&token=1bd5eae8-af03-4219-b68e-1b4ecb9d7e6b,2024-05-11 15:16:39.511+03,2024-05-11 15:16:39.511+03,2,3
40,Mi True Wireless Over-Ear Headphones,Xiaomi Mi True Wireless Over-Ear Headphones - это полноразмерные беспроводные наушники с высоким качеством звука. Они обеспечивают отличное звучание и комфортное ношение благодаря мягким амбушюрам и удобной посадке на голове. Идеальны для прослушивания музыки и просмотра фильмов.,3490,0,2024-06-26 03:00:00+03,2024-07-02 03:00:00+03,8,0,https://firebasestorage.googleapis.com/v0/b/webstore-410ac.appspot.com/o/%D0%9D%D0%B0%D1%83%D1%88%D0%BD%D0%B8%D0%BA%D0%B8%2F%D0%9D%D0%B0%D1%83%D1%88%D0%BD%D0%B8%D0%BA%D0%B8%20%D0%BC%D0%BE%D0%BD%D0%B8%D1%82%D0%BE%D1%80%D1%8B%2F11.jpeg?alt=media&token=a6db5009-dbdf-45ce-9a78-cdcfed8c5b12,2024-05-11 15:29:37.225+03,2024-05-11 15:29:37.225+03,3,3
73,VAIO Desktop,"Sony VAIO Desktop - это стильный настольный компьютер с высокой производительностью и функциональностью. Он оснащен процессором Intel Core i7 и мощной графикой NVIDIA GeForce RTX 3070 для плавной работы с приложениями и мультимедийным контентом. Этот компьютер идеально подходит для работы, развлечений и творчества благодаря своей высокой производительности и стильному дизайну.",159990,0,2024-08-04 03:00:00+03,2024-08-09 03:00:00+03,0,0,https://firebasestorage.googleapis.com/v0/b/webstore-410ac.appspot.com/o/%D0%9A%D0%BE%D0%BC%D0%BF%D1%8C%D1%8E%D1%82%D0%B5%D1%80%D1%8B%2F%D0%A1%D0%B8%D1%81%D1%82%D0%B5%D0%BC%D0%BD%D1%8B%D0%B5%20%D0%B1%D0%BB%D0%BE%D0%BA%D0%B8%2F44.avif?alt=media&token=f9d03f5c-b0de-4588-805a-900dbb362e57,2024-05-11 16:02:30.334+03,2024-05-11 16:02:30.334+03,9,4
74,MagicStation,Honor MagicStation - это мощный настольный компьютер с элегантным дизайном и высокой производительностью. Он оснащен процессором AMD Ryzen 9 и видеокартой NVIDIA GeForce GTX 1660 Ti для быстрой и плавной работы с приложениями и играми. Этот компьютер предлагает высокую производительность и множество возможностей для работы и развлечений.,89990,0,2024-08-05 03:00:00+03,2024-08-10 03:00:00+03,0,0,https://firebasestorage.googleapis.com/v0/b/webstore-410ac.appspot.com/o/%D0%9A%D0%BE%D0%BC%D0%BF%D1%8C%D1%8E%D1%82%D0%B5%D1%80%D1%8B%2F%D0%A1%D0%B8%D1%81%D1%82%D0%B5%D0%BC%D0%BD%D1%8B%D0%B5%20%D0%B1%D0%BB%D0%BE%D0%BA%D0%B8%2F45.jpeg?alt=media&token=b89f41c8-1470-4fc4-bd11-0e5982c3a6e2,2024-05-11 16:02:38.898+03,2024-05-11 16:02:38.898+03,9,5
34,Galaxy Buds Pro TWS,"Современные беспроводные наушники Samsung Galaxy Buds Pro TWS обеспечивают высококачественное звучание и комфортное ношение. Они оснащены технологией активного шумоподавления, которая позволяет наслаждаться музыкой без помех от окружающего шума. Наушники имеют эргономичный дизайн и долгое время автономной работы.",17990,10,2024-06-25 03:00:00+03,2024-06-30 03:00:00+03,8,0,https://firebasestorage.googleapis.com/v0/b/webstore-410ac.appspot.com/o/%D0%9D%D0%B0%D1%83%D1%88%D0%BD%D0%B8%D0%BA%D0%B8%2F%D0%9D%D0%B0%D1%83%D1%88%D0%BD%D0%B8%D0%BA%D0%B8%20TWS%2F6.png?alt=media&token=49e41068-15a3-4114-8b4c-5d24306796ca,2024-05-11 15:15:57.425+03,2024-05-11 15:15:57.425+03,2,2
89,Wireles Mouse,"Tefal Wireless Mouse - это стильная и надежная беспроводная мышь от Tefal. Она обеспечивает высокую скорость отклика и точное управление, что делает работу с компьютером более комфортной и эффективной. Благодаря своему элегантному дизайну эта мышь станет отличным дополнением к вашему рабочему месту.",1990,0,2024-08-06 03:00:00+03,2024-08-11 03:00:00+03,0,0,https://firebasestorage.googleapis.com/v0/b/webstore-410ac.appspot.com/o/%D0%9F%D0%B5%D1%80%D0%B8%D1%84%D0%B5%D1%80%D0%B8%D1%8F%2F%D0%9A%D0%BE%D0%BC%D0%BF%D1%8C%D1%8E%D1%82%D0%B5%D1%80%D0%BD%D1%8B%D0%B5%20%D0%BC%D1%8B%D1%88%D0%B8%2F55.jpeg?alt=media&token=260672e2-4a09-43d4-952f-08aef0f9753d,2024-05-11 16:09:23.897+03,2024-05-11 16:09:23.897+03,11,6
36,Redmi AirDots 2,Беспроводные наушники Xiaomi Redmi AirDots 2 обеспечивают кристально чистый звук и стабильное соединение благодаря технологии Bluetooth 5.0. Компактный дизайн и удобные насадки обеспечивают комфортное ношение. Наушники оснащены кнопкой управления и встроенным микрофоном для удобного приема звонков.,1690,0,2024-06-19 03:00:00+03,2024-06-24 03:00:00+03,8,0,https://firebasestorage.googleapis.com/v0/b/webstore-410ac.appspot.com/o/%D0%9D%D0%B0%D1%83%D1%88%D0%BD%D0%B8%D0%BA%D0%B8%2F%D0%9D%D0%B0%D1%83%D1%88%D0%BD%D0%B8%D0%BA%D0%B8%20TWS%2F8.png?alt=media&token=b30b3f34-9230-4c8e-be25-413983a77831,2024-05-11 15:21:06.744+03,2024-05-11 15:21:06.744+03,2,3
37,FlyPods Lite,Беспроводные наушники Honor FlyPods Lite предлагают качественный звук и надежное соединение благодаря технологии Bluetooth 5.0. Компактный дизайн и эргономичные насадки обеспечивают комфортное ношение наушников в течение длительного времени. Идеальный выбор для активного образа жизни.,2990,0,2024-06-23 03:00:00+03,2024-06-28 03:00:00+03,3,0,https://firebasestorage.googleapis.com/v0/b/webstore-410ac.appspot.com/o/%D0%9D%D0%B0%D1%83%D1%88%D0%BD%D0%B8%D0%BA%D0%B8%2F%D0%9D%D0%B0%D1%83%D1%88%D0%BD%D0%B8%D0%BA%D0%B8%20TWS%2F9.png?alt=media&token=abf7f958-c6ef-4da0-a316-2aaf4d47b6e5,2024-05-11 15:23:28.938+03,2024-05-11 15:23:28.938+03,2,5
47,EarPods,Apple EarPods - это оригинальные проводные наушники-вкладыши от Apple. Они обеспечивают высокое качество звука и комфортное ношение благодаря специальному дизайну амбушюр.,2490,0,2024-07-14 03:00:00+03,2024-07-21 03:00:00+03,7,0,https://firebasestorage.googleapis.com/v0/b/webstore-410ac.appspot.com/o/%D0%9D%D0%B0%D1%83%D1%88%D0%BD%D0%B8%D0%BA%D0%B8%2F%D0%9D%D0%B0%D1%83%D1%88%D0%BD%D0%B8%D0%BA%D0%B8%20%D0%B2%D0%BA%D0%BB%D0%B0%D0%B4%D1%8B%D1%88%D0%B8%2F18.webp?alt=media&token=0ab7b938-df2e-444d-b2bf-1579e4970cdc,2024-05-11 15:39:04.825+03,2024-05-11 15:39:04.825+03,4,1
48,Mi Piston Basic Edition,"Xiaomi Mi Piston Basic Edition - это недорогие, но качественные проводные наушники-вкладыши с мягкими амбушюрами и прочным кабелем. Они подходят для ежедневного использования и обеспечивают хорошее звучание.",790,0,2024-07-13 03:00:00+03,2024-07-20 03:00:00+03,3,0,https://firebasestorage.googleapis.com/v0/b/webstore-410ac.appspot.com/o/%D0%9D%D0%B0%D1%83%D1%88%D0%BD%D0%B8%D0%BA%D0%B8%2F%D0%9D%D0%B0%D1%83%D1%88%D0%BD%D0%B8%D0%BA%D0%B8%20%D0%B2%D0%BA%D0%BB%D0%B0%D0%B4%D1%8B%D1%88%D0%B8%2F19.jpeg?alt=media&token=feb47111-ad16-4f76-a21b-378b47aac3e3,2024-05-11 15:39:17.7+03,2024-05-11 15:39:17.7+03,4,3
49,AM115,Honor AM115 - это качественные проводные наушники-вкладыши с микрофоном и пультом управления. Они обеспечивают отличное звучание и удобство использования.,990,0,2024-07-12 03:00:00+03,2024-07-19 03:00:00+03,6,0,https://firebasestorage.googleapis.com/v0/b/webstore-410ac.appspot.com/o/%D0%9D%D0%B0%D1%83%D1%88%D0%BD%D0%B8%D0%BA%D0%B8%2F%D0%9D%D0%B0%D1%83%D1%88%D0%BD%D0%B8%D0%BA%D0%B8%20%D0%B2%D0%BA%D0%BB%D0%B0%D0%B4%D1%8B%D1%88%D0%B8%2F20.webp?alt=media&token=3e698310-9088-4593-8f5c-3ff99baf0798,2024-05-11 15:39:39.264+03,2024-05-11 15:39:39.264+03,4,5
92,Mi 12,"Mi 12 - это квинтэссенция инноваций и стиля от Xiaomi. Сверхяркий 6.6-дюймовый AMOLED экран, мощный Snapdragon 8 процессор, потрясающая тройная камера на 108 Мп и энергоэффективная батарея на 4800 мАч делают этот смартфон идеальным спутником в вашей повседневной жизни.",79990,12,2024-06-15 03:00:00+03,2024-06-30 03:00:00+03,4,0,https://firebasestorage.googleapis.com/v0/b/webstore-410ac.appspot.com/o/%D0%A2%D0%B5%D0%BB%D0%B5%D1%84%D0%BE%D0%BD%D1%8B%2F%D0%A1%D0%BC%D0%B0%D1%80%D1%82%D1%84%D0%BE%D0%BD%D1%8B%2F63.png?alt=media&token=8a1fcdfe-d9c1-4bdf-b6d3-8dadf2070ee1,2024-05-11 16:17:00.765+03,2024-05-11 16:17:00.765+03,13,3
50,FRESH KITCHEN REFRIGERATOR 300L,"Tefal FRESH KITCHEN REFRIGERATOR 300L - это просторный и энергоэффективный холодильник объемом 300 литров. Он оснащен технологией No Frost, которая предотвращает образование инея и льда внутри холодильника, обеспечивая равномерное охлаждение продуктов.",27990,0,2024-07-10 03:00:00+03,2024-07-17 03:00:00+03,8,0,https://firebasestorage.googleapis.com/v0/b/webstore-410ac.appspot.com/o/%D0%91%D1%8B%D1%82%D0%BE%D0%B2%D0%B0%D1%8F%20%D1%82%D0%B5%D1%85%D0%BD%D0%B8%D0%BA%D0%B0%2F%D0%A5%D0%BE%D0%BB%D0%BE%D0%B4%D0%B8%D0%BB%D1%8C%D0%BD%D0%B8%D0%BA%D0%B8%2F21.jpeg?alt=media&token=a00aaf05-2560-4f97-9001-70928c3318dd,2024-05-11 15:41:45.003+03,2024-05-11 15:41:45.003+03,5,6
51,FrostMaster 400,"Samsung FrostMaster 400 - это просторный и надежный холодильник с объемом 400 литров. Он оснащен системой Twin Cooling Plus, которая поддерживает оптимальные условия хранения продуктов, сохраняя их свежесть на долгое время.",34990,0,2024-07-16 03:00:00+03,2024-07-23 03:00:00+03,4,0,https://firebasestorage.googleapis.com/v0/b/webstore-410ac.appspot.com/o/%D0%91%D1%8B%D1%82%D0%BE%D0%B2%D0%B0%D1%8F%20%D1%82%D0%B5%D1%85%D0%BD%D0%B8%D0%BA%D0%B0%2F%D0%A5%D0%BE%D0%BB%D0%BE%D0%B4%D0%B8%D0%BB%D1%8C%D0%BD%D0%B8%D0%BA%D0%B8%2F22.avif?alt=media&token=37f4d05c-b522-440e-a1c0-050c44bf7072,2024-05-11 15:42:56.517+03,2024-05-11 15:42:56.517+03,5,4
52,FreezerPro 250,Xiaomi FreezerPro 250 - это компактный и мощный морозильник объемом 250 литров. Он обеспечивает быстрое и равномерное замораживание продуктов благодаря интеллектуальной системе замораживания.,21990,0,2024-07-15 03:00:00+03,2024-07-22 03:00:00+03,6,0,https://firebasestorage.googleapis.com/v0/b/webstore-410ac.appspot.com/o/%D0%91%D1%8B%D1%82%D0%BE%D0%B2%D0%B0%D1%8F%20%D1%82%D0%B5%D1%85%D0%BD%D0%B8%D0%BA%D0%B0%2F%D0%A5%D0%BE%D0%BB%D0%BE%D0%B4%D0%B8%D0%BB%D1%8C%D0%BD%D0%B8%D0%BA%D0%B8%2F23.jpeg?alt=media&token=91044045-0d96-44d8-a2a1-3fb8d70ac7fb,2024-05-11 15:43:06.072+03,2024-05-11 15:43:06.072+03,5,3
53,ArcticFrost 400,"Tefal ArcticFrost 400 - это просторный и надежный холодильник с объемом 400 литров. Он оснащен усовершенствованной системой охлаждения, которая обеспечивает стабильную температуру внутри холодильника.",32990,0,2024-07-14 03:00:00+03,2024-07-21 03:00:00+03,3,0,https://firebasestorage.googleapis.com/v0/b/webstore-410ac.appspot.com/o/%D0%91%D1%8B%D1%82%D0%BE%D0%B2%D0%B0%D1%8F%20%D1%82%D0%B5%D1%85%D0%BD%D0%B8%D0%BA%D0%B0%2F%D0%A5%D0%BE%D0%BB%D0%BE%D0%B4%D0%B8%D0%BB%D1%8C%D0%BD%D0%B8%D0%BA%D0%B8%2F24.jpeg?alt=media&token=9dbbb560-1811-4a31-a713-3f2575d44190,2024-05-11 15:43:35.574+03,2024-05-11 15:43:35.574+03,5,6
54,CoolMaster 250,"Tefal CoolMaster 250 - это компактный и энергоэффективный холодильник с объемом 250 литров. Он оснащен системой мульти-охлаждения, которая обеспечивает равномерное распределение холода внутри холодильника.",18990,0,2024-07-12 03:00:00+03,2024-07-19 03:00:00+03,5,0,https://firebasestorage.googleapis.com/v0/b/webstore-410ac.appspot.com/o/%D0%91%D1%8B%D1%82%D0%BE%D0%B2%D0%B0%D1%8F%20%D1%82%D0%B5%D1%85%D0%BD%D0%B8%D0%BA%D0%B0%2F%D0%A5%D0%BE%D0%BB%D0%BE%D0%B4%D0%B8%D0%BB%D1%8C%D0%BD%D0%B8%D0%BA%D0%B8%2F25.jpeg?alt=media&token=a10dcdb7-2f1f-4111-beee-3608a5c1fa80,2024-05-11 15:43:46.931+03,2024-05-11 15:43:46.931+03,5,6
55,MiJia 8,Xiaomi MiJia 8 - это компактная и энергоэффективная стиральная машина с максимальной загрузкой до 8 кг. Она оснащена интеллектуальной системой управления и большим количеством программ стирки.,25990,0,2024-07-20 03:00:00+03,2024-07-27 03:00:00+03,2,0,https://firebasestorage.googleapis.com/v0/b/webstore-410ac.appspot.com/o/%D0%91%D1%8B%D1%82%D0%BE%D0%B2%D0%B0%D1%8F%20%D1%82%D0%B5%D1%85%D0%BD%D0%B8%D0%BA%D0%B0%2F%D0%A1%D1%82%D0%B8%D1%80%D0%B0%D0%BB%D1%8C%D0%BD%D1%8B%D0%B5%20%D0%BC%D0%B0%D1%88%D0%B8%D0%BD%D1%8B%2F26.png?alt=media&token=39d58349-fff0-4817-8550-b8f315edb9ce,2024-05-11 15:47:26.582+03,2024-05-11 15:47:26.582+03,6,3
56,Mi Smart 6,Xiaomi Mi Smart 6 - это стиральная машина с компактными размерами и максимальной загрузкой 6 кг. Она оснащена системой защиты от протечек и различными программами стирки.,19990,0,2024-07-18 03:00:00+03,2024-07-25 03:00:00+03,1,0,https://firebasestorage.googleapis.com/v0/b/webstore-410ac.appspot.com/o/%D0%91%D1%8B%D1%82%D0%BE%D0%B2%D0%B0%D1%8F%20%D1%82%D0%B5%D1%85%D0%BD%D0%B8%D0%BA%D0%B0%2F%D0%A1%D1%82%D0%B8%D1%80%D0%B0%D0%BB%D1%8C%D0%BD%D1%8B%D0%B5%20%D0%BC%D0%B0%D1%88%D0%B8%D0%BD%D1%8B%2F27.webp?alt=media&token=45e9b914-589f-4684-9e83-a9d01e48214e,2024-05-11 15:47:35.179+03,2024-05-11 15:47:35.179+03,6,3
57,X-Stream 10,Sony X-Stream 10 - это мощная стиральная машина с максимальной загрузкой 10 кг. Она оснащена функцией быстрой стирки и технологией сбережения воды.,39990,0,2024-07-25 03:00:00+03,2024-08-01 03:00:00+03,3,0,https://firebasestorage.googleapis.com/v0/b/webstore-410ac.appspot.com/o/%D0%91%D1%8B%D1%82%D0%BE%D0%B2%D0%B0%D1%8F%20%D1%82%D0%B5%D1%85%D0%BD%D0%B8%D0%BA%D0%B0%2F%D0%A1%D1%82%D0%B8%D1%80%D0%B0%D0%BB%D1%8C%D0%BD%D1%8B%D0%B5%20%D0%BC%D0%B0%D1%88%D0%B8%D0%BD%D1%8B%2F28.png?alt=media&token=0a3e6d36-a5a4-4c0c-a372-bfc74ca0c445,2024-05-11 15:47:46.691+03,2024-05-11 15:47:46.691+03,6,4
58,AquaWave 7,"Sony AquaWave 7 - это стиральная машина с технологией AquaWave, которая деликатно и эффективно стирает белье. Она подходит для загрузки до 7 кг белья.",31990,0,2024-07-22 03:00:00+03,2024-07-29 03:00:00+03,2,0,https://firebasestorage.googleapis.com/v0/b/webstore-410ac.appspot.com/o/%D0%91%D1%8B%D1%82%D0%BE%D0%B2%D0%B0%D1%8F%20%D1%82%D0%B5%D1%85%D0%BD%D0%B8%D0%BA%D0%B0%2F%D0%A1%D1%82%D0%B8%D1%80%D0%B0%D0%BB%D1%8C%D0%BD%D1%8B%D0%B5%20%D0%BC%D0%B0%D1%88%D0%B8%D0%BD%D1%8B%2F29.jpeg?alt=media&token=40996682-d212-4e8d-8f51-b1302512c4e1,2024-05-11 15:47:55.769+03,2024-05-11 15:47:55.769+03,6,4
110,Magic Keyboard,"Apple Magic Keyboard - это стильная и функциональная клавиатура, созданная специально для устройств Apple. Она обеспечивает комфорт и высокую производительность при работе с вашим MacBook или iMac.",9990,5,2024-06-15 03:00:00+03,2024-06-30 03:00:00+03,3,0,https://firebasestorage.googleapis.com/v0/b/webstore-410ac.appspot.com/o/%D0%9F%D0%B5%D1%80%D0%B8%D1%84%D0%B5%D1%80%D0%B8%D1%8F%2F%D0%9A%D0%BB%D0%B0%D0%B2%D0%B8%D0%B0%D1%82%D1%83%D1%80%D1%8B%2F56.jpeg?alt=media&token=5eb9bed5-0440-4c33-bfb9-f921744858f0,2024-05-11 16:26:04.926+03,2024-05-11 16:26:04.926+03,12,1
111,Smart Keyboard,"Samsung Smart Keyboard - это элегантная и удобная клавиатура, которая обеспечивает простоту в использовании и максимальный комфорт при работе с вашими устройствами Samsung. Она поможет вам быть более продуктивным и эффективным в вашей повседневной деятельности.",7990,40,2024-06-15 03:00:00+03,2024-06-30 03:00:00+03,6,0,https://firebasestorage.googleapis.com/v0/b/webstore-410ac.appspot.com/o/%D0%9F%D0%B5%D1%80%D0%B8%D1%84%D0%B5%D1%80%D0%B8%D1%8F%2F%D0%9A%D0%BB%D0%B0%D0%B2%D0%B8%D0%B0%D1%82%D1%83%D1%80%D1%8B%2F58.jpeg?alt=media&token=0698e5b6-4f2c-4293-82d8-251809eb2f3f,2024-05-11 16:26:14.771+03,2024-05-12 14:04:59.05+03,12,2
64,MasterChef 6L,Мультиварка Honor MasterChef 6L - это компактное и умное устройство с кастрюлей на 6 литров. Она обладает различными программами приготовления и простым в использовании интерфейсом.,7990,0,2024-07-22 03:00:00+03,2024-07-29 03:00:00+03,2,0,https://firebasestorage.googleapis.com/v0/b/webstore-410ac.appspot.com/o/%D0%91%D1%8B%D1%82%D0%BE%D0%B2%D0%B0%D1%8F%20%D1%82%D0%B5%D1%85%D0%BD%D0%B8%D0%BA%D0%B0%2F%D0%9C%D1%83%D0%BB%D1%8C%D1%82%D0%B8%D0%B2%D0%B0%D1%80%D0%BA%D0%B8%2F35.webp?alt=media&token=73f2ee37-22ac-4413-b084-98a5a95f91a8,2024-05-11 15:50:23.102+03,2024-05-11 15:50:23.102+03,7,5
112,Wireless Keyboard,"Xiaomi Wireless Keyboard - это ультратонкая и стильная клавиатура, которая обеспечивает беспроводное подключение и высокую производительность. Она идеально подходит для работы и развлечений на ваших устройствах Xiaomi.",5990,7,2024-06-15 03:00:00+03,2024-06-30 03:00:00+03,4,0,https://firebasestorage.googleapis.com/v0/b/webstore-410ac.appspot.com/o/%D0%9F%D0%B5%D1%80%D0%B8%D1%84%D0%B5%D1%80%D0%B8%D1%8F%2F%D0%9A%D0%BB%D0%B0%D0%B2%D0%B8%D0%B0%D1%82%D1%83%D1%80%D1%8B%2F59.webp?alt=media&token=10987e93-fb8a-4150-a2dc-8b9e49045066,2024-05-11 16:26:25.182+03,2024-05-11 16:26:25.182+03,12,3
113,Slim Keyboard,"Sony Slim Keyboard - это стильная и ультратонкая клавиатура, которая обеспечивает максимальный комфорт и производительность при работе с вашими устройствами Sony. Она идеально подходит для работы и развлечений.",6990,8,2024-06-15 03:00:00+03,2024-06-30 03:00:00+03,2,0,https://firebasestorage.googleapis.com/v0/b/webstore-410ac.appspot.com/o/%D0%9F%D0%B5%D1%80%D0%B8%D1%84%D0%B5%D1%80%D0%B8%D1%8F%2F%D0%9A%D0%BB%D0%B0%D0%B2%D0%B8%D0%B0%D1%82%D1%83%D1%80%D1%8B%2F60.png?alt=media&token=f8148f94-fa96-4dd8-ab6e-bdb839b9ba1e,2024-05-11 16:26:34.419+03,2024-05-11 16:26:34.419+03,12,4
60,ChefPro 5L,Мультиварка Samsung ChefPro 5L - это умное устройство с множеством программ приготовления. Она оснащена большим объемом кастрюли на 5 литров и сенсорным экраном для удобного управления.,10990,0,2024-07-18 03:00:00+03,2024-07-25 03:00:00+03,3,0,https://firebasestorage.googleapis.com/v0/b/webstore-410ac.appspot.com/o/%D0%91%D1%8B%D1%82%D0%BE%D0%B2%D0%B0%D1%8F%20%D1%82%D0%B5%D1%85%D0%BD%D0%B8%D0%BA%D0%B0%2F%D0%9C%D1%83%D0%BB%D1%8C%D1%82%D0%B8%D0%B2%D0%B0%D1%80%D0%BA%D0%B8%2F31.avif?alt=media&token=407eaf93-7503-4eb5-8a7b-308f3d73fb93,2024-05-11 15:49:41.386+03,2024-05-11 15:49:41.386+03,7,2
66,Bravia XR-55A80J,"Sony Bravia XR-55A80J - это телевизор с диагональю 55 дюймов и разрешением 4K Ultra HD. Он оснащен технологией OLED, которая обеспечивает глубокие черные и яркие цвета. Процессор Cognitive Processor XR анализирует изображение схожим образом с тем, как это делает человеческий мозг, для достижения непревзойденной четкости и контраста. Этот телевизор также поддерживает HDR, что позволяет вам наслаждаться контентом с более широким динамическим диапазоном.",109990,5,2024-07-17 03:00:00+03,2024-07-22 03:00:00+03,2,0,https://firebasestorage.googleapis.com/v0/b/webstore-410ac.appspot.com/o/%D0%91%D1%8B%D1%82%D0%BE%D0%B2%D0%B0%D1%8F%20%D1%82%D0%B5%D1%85%D0%BD%D0%B8%D0%BA%D0%B0%2F%D0%A2%D0%B5%D0%BB%D0%B5%D0%B2%D0%B8%D0%B7%D0%BE%D1%80%D1%8B%2F37.webp?alt=media&token=20dcbc66-a729-408a-8c06-59cf5f08acef,2024-05-11 15:57:42.631+03,2024-05-11 15:57:42.631+03,8,4
67,Mi TV 6 75,"Xiaomi Mi TV 6 75 - это телевизор с диагональю 75 дюймов и разрешением 8K Ultra HD. Он оснащен технологией Quantum Dot, которая обеспечивает более яркие и насыщенные цвета. Поддержка Dolby Vision позволяет вам наслаждаться кинематографическим качеством изображения с расширенным динамическим диапазоном. Этот телевизор также оснащен звуковой системой высокого качества для полного кинематографического опыта.",129990,0,2024-07-18 03:00:00+03,2024-07-23 03:00:00+03,1,0,https://firebasestorage.googleapis.com/v0/b/webstore-410ac.appspot.com/o/%D0%91%D1%8B%D1%82%D0%BE%D0%B2%D0%B0%D1%8F%20%D1%82%D0%B5%D1%85%D0%BD%D0%B8%D0%BA%D0%B0%2F%D0%A2%D0%B5%D0%BB%D0%B5%D0%B2%D0%B8%D0%B7%D0%BE%D1%80%D1%8B%2F38.jpeg?alt=media&token=69472232-7cf4-4d7e-ae2f-5d3a615abab0,2024-05-11 15:57:52.927+03,2024-05-11 15:57:52.927+03,8,3
87,Wirelesss Mouse,"Honor Wirelesss Mouse - это удобная и стильная беспроводная мышь от Honor. Она обеспечивает точное управление и высокую скорость отклика, что делает работу с компьютером более эффективной и комфортной. Благодаря своему элегантному дизайну эта мышь станет отличным дополнением к вашему рабочему месту.",2490,0,2024-08-05 03:00:00+03,2024-08-10 03:00:00+03,0,0,https://firebasestorage.googleapis.com/v0/b/webstore-410ac.appspot.com/o/%D0%9F%D0%B5%D1%80%D0%B8%D1%84%D0%B5%D1%80%D0%B8%D1%8F%2F%D0%9A%D0%BE%D0%BC%D0%BF%D1%8C%D1%8E%D1%82%D0%B5%D1%80%D0%BD%D1%8B%D0%B5%20%D0%BC%D1%8B%D1%88%D0%B8%2F54.jpeg?alt=media&token=6569c85a-e944-41cd-9144-aa4e4ef6646f,2024-05-11 16:08:51.254+03,2024-05-11 16:08:51.254+03,11,5
91,Galaxy S40 Ultra,"Samsung Galaxy S40 Ultra - это великолепный выбор для тех, кто ценит производительность и инновации. Оснащенный 6.8-дюймовым Dynamic AMOLED дисплеем, процессором Snapdragon 9 и потрясающей квадрокамерой на 108 Мп, этот смартфон позволит вам ощутить всю мощь и красоту современных технологий.",89990,15,2024-06-15 03:00:00+03,2024-06-30 03:00:00+03,6,0,https://firebasestorage.googleapis.com/v0/b/webstore-410ac.appspot.com/o/%D0%A2%D0%B5%D0%BB%D0%B5%D1%84%D0%BE%D0%BD%D1%8B%2F%D0%A1%D0%BC%D0%B0%D1%80%D1%82%D1%84%D0%BE%D0%BD%D1%8B%2F62.webp?alt=media&token=e1ee51b9-b6c2-4f0c-898f-290a726d2b83,2024-05-11 16:16:50.003+03,2024-05-11 16:16:50.003+03,13,2
94,View50,"Honor View50 - новое слово в мире мобильных технологий. Снимайте яркие и четкие фотографии с помощью потрясающей квадрокамеры на 108 Мп, наслаждайтесь ярким и насыщенным 6.7-дюймовым экраном и настройте производительность по своему вкусу с помощью мощного процессора Kirin 10.",75990,12,2024-06-15 03:00:00+03,2024-06-30 03:00:00+03,5,0,https://firebasestorage.googleapis.com/v0/b/webstore-410ac.appspot.com/o/%D0%A2%D0%B5%D0%BB%D0%B5%D1%84%D0%BE%D0%BD%D1%8B%2F%D0%A1%D0%BC%D0%B0%D1%80%D1%82%D1%84%D0%BE%D0%BD%D1%8B%2F65.webp?alt=media&token=5709e857-1fe7-4d07-ad75-0e0f1defff5a,2024-05-11 16:17:46.927+03,2024-05-11 16:17:46.927+03,13,5
93,Xperia Z8,"Sony Xperia Z8 - ваш надежный партнер в цифровом мире. Насладитесь ярким и четким 6.5-дюймовым экраном, мощным процессором Snapdragon 8 и удивительной камерой на 64 Мп. Этот смартфон не оставит вас равнодушными.",84990,10,2024-06-15 03:00:00+03,2024-06-30 03:00:00+03,7,0,https://firebasestorage.googleapis.com/v0/b/webstore-410ac.appspot.com/o/%D0%A2%D0%B5%D0%BB%D0%B5%D1%84%D0%BE%D0%BD%D1%8B%2F%D0%A1%D0%BC%D0%B0%D1%80%D1%82%D1%84%D0%BE%D0%BD%D1%8B%2F64.webp?alt=media&token=9df386e4-a805-4ad3-89fc-7e35dfa7c19a,2024-05-11 16:17:14.926+03,2024-05-11 16:17:14.926+03,13,4
71,Odyssey G9,"Samsung Odyssey G9 - это игровой настольный компьютер, который обеспечивает максимальную производительность и качество изображения для геймеров. Он оснащен мощным процессором Intel Core i9 и видеокартой NVIDIA GeForce RTX 3090 для плавного и реалистичного воспроизведения самых современных игр. Этот компьютер также имеет эффективную систему охлаждения и кривизну экрана 1000R для полного погружения в игровой мир.",279990,0,2024-08-02 03:00:00+03,2024-08-07 03:00:00+03,0,0,"https://firebasestorage.googleapis.com/v0/b/webstore-410ac.appspot.com/o/%D0%9A%D0%BE%D0%BC%D0%BF%D1%8C%D1%8E%D1%82%D0%B5%D1%80%D1%8B%2F%D0%A1%D0%B8%D1%81%D1%82%D0%B5%D0%BC%D0%BD%D1%8B%D0%B5%20%D0%B1%D0%BB%D0%BE%D0%BA%D0%B8%2F43.jpeg?alt=media&token=b7bbc509-c38b-4340-bda4-039f2c43d850
",2024-05-11 16:01:57.827+03,2024-05-11 16:01:57.827+03,9,2
75,iMac Pro,"iMac Pro - это мощный моноблок от Apple, который предлагает высокую производительность и качество изображения. Он оснащен процессором Intel Xeon с до 18 ядрами и профессиональной видеокартой Radeon Pro Vega. iMac Pro идеально подходит для профессиональной работы с графикой, видеомонтажа и разработки программного обеспечения.",469900,0,2024-08-01 03:00:00+03,2024-08-06 03:00:00+03,0,0,https://firebasestorage.googleapis.com/v0/b/webstore-410ac.appspot.com/o/%D0%9A%D0%BE%D0%BC%D0%BF%D1%8C%D1%8E%D1%82%D0%B5%D1%80%D1%8B%2F%D0%9C%D0%BE%D0%BD%D0%BE%D0%B1%D0%BB%D0%BE%D0%BA%D0%B8%2F46.jpeg?alt=media&token=82208db3-ec69-4433-9b43-5ba218847d87,2024-05-11 16:03:29.961+03,2024-05-11 16:03:29.961+03,10,1
98,Style,"Honor Style - элегантный кнопочный телефон с современными возможностями. Он сочетает в себе стильный дизайн и функциональность, делая его отличным выбором для повседневного использования.",18990,8,2024-06-15 03:00:00+03,2024-06-30 03:00:00+03,4,0,https://firebasestorage.googleapis.com/v0/b/webstore-410ac.appspot.com/o/%D0%A2%D0%B5%D0%BB%D0%B5%D1%84%D0%BE%D0%BD%D1%8B%2F%D0%9A%D0%BD%D0%BE%D0%BF%D0%BE%D1%87%D0%BD%D1%8B%D0%B5%20%D1%82%D0%B5%D0%BB%D0%B5%D1%84%D0%BE%D0%BD%D1%8B%2F69.jpeg?alt=media&token=a7caa682-66d7-4cc6-8597-10cfe6a311f9,2024-05-11 16:19:46.274+03,2024-05-11 16:19:46.274+03,14,5
99,Basic,Xiaomi Basic - надежный и простой в использовании кнопочный телефон с красивым дизайном. Он обеспечит вас всем необходимым для комфортного общения и просмотра сообщений.,20990,6,2024-06-15 03:00:00+03,2024-06-30 03:00:00+03,6,0,https://firebasestorage.googleapis.com/v0/b/webstore-410ac.appspot.com/o/%D0%A2%D0%B5%D0%BB%D0%B5%D1%84%D0%BE%D0%BD%D1%8B%2F%D0%9A%D0%BD%D0%BE%D0%BF%D0%BE%D1%87%D0%BD%D1%8B%D0%B5%20%D1%82%D0%B5%D0%BB%D0%B5%D1%84%D0%BE%D0%BD%D1%8B%2F70.jpeg?alt=media&token=660e6152-336c-4cfc-8ac4-4403bd1deacd,2024-05-11 16:19:59.567+03,2024-05-11 16:19:59.567+03,14,3
76,Galaxy One,"Samsung Galaxy One - это стильный и мощный моноблок, который обеспечивает отличную производительность и качество изображения. Он оснащен процессором Intel Core i7 и интегрированной графикой Intel Iris Plus для плавной работы с приложениями и мультимедийным контентом. Galaxy One предлагает высокую производительность и удобство использования в компактном и элегантном корпусе.",129990,0,2024-08-02 03:00:00+03,2024-08-07 03:00:00+03,0,0,https://firebasestorage.googleapis.com/v0/b/webstore-410ac.appspot.com/o/%D0%9A%D0%BE%D0%BC%D0%BF%D1%8C%D1%8E%D1%82%D0%B5%D1%80%D1%8B%2F%D0%9C%D0%BE%D0%BD%D0%BE%D0%B1%D0%BB%D0%BE%D0%BA%D0%B8%2F47.jpeg?alt=media&token=beee787d-670f-478f-857b-4e5c289c36f4,2024-05-11 16:03:38.16+03,2024-05-11 16:03:38.16+03,10,2
78,VAIO All-in-One,"Sony VAIO All-in-One - это стильный и мощный моноблок от Sony, который обеспечивает высокую производительность и качество изображения. Он оснащен процессором Intel Core i7 и интегрированной графикой Intel Iris Xe для плавной работы с приложениями и мультимедийным контентом. VAIO All-in-One идеально подходит для работы, развлечений и обучения в домашних условиях.",99990,0,2024-08-04 03:00:00+03,2024-08-09 03:00:00+03,0,0,https://firebasestorage.googleapis.com/v0/b/webstore-410ac.appspot.com/o/%D0%9A%D0%BE%D0%BC%D0%BF%D1%8C%D1%8E%D1%82%D0%B5%D1%80%D1%8B%2F%D0%9C%D0%BE%D0%BD%D0%BE%D0%B1%D0%BB%D0%BE%D0%BA%D0%B8%2F49.webp?alt=media&token=98489dbc-4f48-4ff6-b905-b8e6810ca64a,2024-05-11 16:03:54.858+03,2024-05-11 16:03:54.858+03,10,4
79,All-in-One,"Honor All-in-One - это стильный и мощный моноблок от Honor, который обеспечивает высокую производительность и качество изображения. Он оснащен процессором AMD Ryzen 7 и интегрированной графикой AMD Radeon для плавной работы с приложениями и мультимедийным контентом. All-in-One идеально подходит для работы, развлечений и обучения в домашних условиях.",79990,0,2024-08-05 03:00:00+03,2024-08-10 03:00:00+03,0,0,https://firebasestorage.googleapis.com/v0/b/webstore-410ac.appspot.com/o/%D0%9A%D0%BE%D0%BC%D0%BF%D1%8C%D1%8E%D1%82%D0%B5%D1%80%D1%8B%2F%D0%9C%D0%BE%D0%BD%D0%BE%D0%B1%D0%BB%D0%BE%D0%BA%D0%B8%2F50.jpeg?alt=media&token=edfda464-d76e-4271-9033-02f2e3f01e47,2024-05-11 16:04:05.38+03,2024-05-11 16:04:05.38+03,10,5
77,Mi All-in-One,"Xiaomi Mi All-in-One - это мощный и компактный моноблок, который предлагает высокую производительность и качество изображения. Он оснащен процессором Intel Core i5 и интегрированной графикой Intel UHD Graphics для быстрой и плавной работы с приложениями и мультимедийным контентом. Mi All-in-One идеально подходит для работы, развлечений и обучения в домашних условиях.",69990,0,2024-08-03 03:00:00+03,2024-08-08 03:00:00+03,0,0,https://firebasestorage.googleapis.com/v0/b/webstore-410ac.appspot.com/o/%D0%9A%D0%BE%D0%BC%D0%BF%D1%8C%D1%8E%D1%82%D0%B5%D1%80%D1%8B%2F%D0%9C%D0%BE%D0%BD%D0%BE%D0%B1%D0%BB%D0%BE%D0%BA%D0%B8%2F48.jpeg?alt=media&token=a193917b-4ca2-4d85-bb15-e2b6e3b926f2,2024-05-11 16:03:47.228+03,2024-05-11 16:03:47.228+03,10,3
69,TV 4K 2021,"Apple TV 4K 2021 - это передовой медиаплеер, который поддерживает разрешение 4K Ultra HD и HDR для яркого и реалистичного воспроизведения контента. Он оснащен процессором A12 Bionic для плавного и отзывчивого интерфейса. С помощью Siri Remote вы можете управлять телевизором голосом и наслаждаться просмотром своих любимых шоу и фильмов в высоком качестве. Этот медиаплеер также предлагает широкий выбор потокового контента из различных сервисов.",17990,50,2024-07-22 03:00:00+03,2024-07-27 03:00:00+03,3,0,https://firebasestorage.googleapis.com/v0/b/webstore-410ac.appspot.com/o/%D0%91%D1%8B%D1%82%D0%BE%D0%B2%D0%B0%D1%8F%20%D1%82%D0%B5%D1%85%D0%BD%D0%B8%D0%BA%D0%B0%2F%D0%A2%D0%B5%D0%BB%D0%B5%D0%B2%D0%B8%D0%B7%D0%BE%D1%80%D1%8B%2F39.png?alt=media&token=f2148850-d507-490b-99c7-29a4bc6a832c,2024-05-11 15:59:06.368+03,2024-05-12 18:00:33.362+03,8,1
70,Mac Pro,"Apple Mac Pro - это профессиональный настольный компьютер, разработанный для выполнения самых сложных задач в области дизайна, видеомонтажа и разработки программного обеспечения. Он оснащен мощным процессором Intel Xeon с до 28 ядрами и профессиональной видеокартой AMD Radeon Pro. Mac Pro предлагает высокую производительность и гибкую конфигурацию для удовлетворения требований самых требовательных пользователей.",599900,0,2024-08-01 03:00:00+03,2024-08-06 03:00:00+03,0,0,https://firebasestorage.googleapis.com/v0/b/webstore-410ac.appspot.com/o/%D0%9A%D0%BE%D0%BC%D0%BF%D1%8C%D1%8E%D1%82%D0%B5%D1%80%D1%8B%2F%D0%A1%D0%B8%D1%81%D1%82%D0%B5%D0%BC%D0%BD%D1%8B%D0%B5%20%D0%B1%D0%BB%D0%BE%D0%BA%D0%B8%2F41.avif?alt=media&token=f45279d6-a538-40a2-95e4-ce3154c88d81,2024-05-11 16:01:47.086+03,2024-05-11 16:01:47.086+03,9,1
81,Wireless Mouse,"Samsung Wireless Mouse - это удобная и стильная беспроводная мышь от Samsung. Она обеспечивает точное управление и высокую скорость отклика, что делает работу с компьютером более эффективной и комфортной. Благодаря своему элегантному дизайну эта мышь станет отличным дополнением к вашему рабочему месту.",2490,0,2024-08-02 03:00:00+03,2024-08-07 03:00:00+03,0,0,https://firebasestorage.googleapis.com/v0/b/webstore-410ac.appspot.com/o/%D0%9F%D0%B5%D1%80%D0%B8%D1%84%D0%B5%D1%80%D0%B8%D1%8F%2F%D0%9A%D0%BE%D0%BC%D0%BF%D1%8C%D1%8E%D1%82%D0%B5%D1%80%D0%BD%D1%8B%D0%B5%20%D0%BC%D1%8B%D1%88%D0%B8%2F52.webp?alt=media&token=867b4de9-3b09-4c92-8535-afcf23e59f4e,2024-05-11 16:06:21.234+03,2024-05-11 16:06:21.234+03,11,2
82,Mi Wireless Mouse,"Xiaomi Mi Wireless Mouse - это компактная и надежная беспроводная мышь от Xiaomi. Она обеспечивает высокую скорость отклика и точное управление, что делает работу с компьютером более комфортной и эффективной. Эта мышь идеально подходит для повседневного использования как в офисе, так и дома.",1490,0,2024-08-03 03:00:00+03,2024-08-08 03:00:00+03,0,0,https://firebasestorage.googleapis.com/v0/b/webstore-410ac.appspot.com/o/%D0%9F%D0%B5%D1%80%D0%B8%D1%84%D0%B5%D1%80%D0%B8%D1%8F%2F%D0%9A%D0%BE%D0%BC%D0%BF%D1%8C%D1%8E%D1%82%D0%B5%D1%80%D0%BD%D1%8B%D0%B5%20%D0%BC%D1%8B%D1%88%D0%B8%2F53.jpeg?alt=media&token=8180036a-c050-4708-93b0-a4525c56a84e,2024-05-11 16:06:28.87+03,2024-05-11 16:06:28.87+03,11,3
80,Magic Mouse 2,"Magic Mouse 2 - это стильная и эргономичная беспроводная мышь от Apple. Она обладает уникальным дизайном и высокой точностью курсора, что делает ее идеальным выбором для работы и развлечений. Magic Mouse 2 легка в использовании и подключается к компьютеру с помощью технологии Bluetooth.",6990,0,2024-08-01 03:00:00+03,2024-08-06 03:00:00+03,1,0,https://firebasestorage.googleapis.com/v0/b/webstore-410ac.appspot.com/o/%D0%9F%D0%B5%D1%80%D0%B8%D1%84%D0%B5%D1%80%D0%B8%D1%8F%2F%D0%9A%D0%BE%D0%BC%D0%BF%D1%8C%D1%8E%D1%82%D0%B5%D1%80%D0%BD%D1%8B%D0%B5%20%D0%BC%D1%8B%D1%88%D0%B8%2F51.jpeg?alt=media&token=d1663b46-89d3-40c4-94fb-ea8fe1c9bbe0,2024-05-11 16:06:13.785+03,2024-05-12 19:04:47.947+03,11,1
90,iPhone 15 Pro,"Освойте мир с новым iPhone 15 Pro. Это не просто смартфон. Это целая вселенная возможностей в вашем кармане. Яркий и живой Super Retina XDR дисплей, мощный процессор Apple A17 Bionic, потрясающая тройная камера, которая делает фотографии и видео на уровне профессионалов, и, конечно, легендарная операционная система iOS 19 - все это делает iPhone 15 Pro идеальным выбором для тех, кто ценит качество и надежность.",99990,40,2024-06-15 03:00:00+03,2024-06-30 03:00:00+03,13,0,https://firebasestorage.googleapis.com/v0/b/webstore-410ac.appspot.com/o/%D0%A2%D0%B5%D0%BB%D0%B5%D1%84%D0%BE%D0%BD%D1%8B%2F%D0%A1%D0%BC%D0%B0%D1%80%D1%82%D1%84%D0%BE%D0%BD%D1%8B%2F61.jpeg?alt=media&token=0cf28d59-0145-43b7-b9b8-73c0b4d89462,2024-05-11 16:16:40.973+03,2024-05-12 19:04:47.946+03,13,1
95,Alpha,"Sony Alpha - классический кнопочный телефон с современными возможностями. Простота использования в сочетании с надежностью делает его отличным выбором для тех, кто предпочитает привычные и проверенные решения.",29990,10,2024-06-15 03:00:00+03,2024-06-30 03:00:00+03,3,0,https://firebasestorage.googleapis.com/v0/b/webstore-410ac.appspot.com/o/%D0%A2%D0%B5%D0%BB%D0%B5%D1%84%D0%BE%D0%BD%D1%8B%2F%D0%9A%D0%BD%D0%BE%D0%BF%D0%BE%D1%87%D0%BD%D1%8B%D0%B5%20%D1%82%D0%B5%D0%BB%D0%B5%D1%84%D0%BE%D0%BD%D1%8B%2F66.jpeg?alt=media&token=206b6829-616d-4ac0-a2fc-725fdfc7b5e9,2024-05-11 16:19:06.261+03,2024-05-11 16:19:06.261+03,14,4
96,Classic,Tefal Classic - стильный и функциональный кнопочный телефон для повседневного использования. С простым интерфейсом и надежной конструкцией он подходит для всех возрастов и ситуаций.,19990,15,2024-06-15 03:00:00+03,2024-06-30 03:00:00+03,5,0,https://firebasestorage.googleapis.com/v0/b/webstore-410ac.appspot.com/o/%D0%A2%D0%B5%D0%BB%D0%B5%D1%84%D0%BE%D0%BD%D1%8B%2F%D0%9A%D0%BD%D0%BE%D0%BF%D0%BE%D1%87%D0%BD%D1%8B%D0%B5%20%D1%82%D0%B5%D0%BB%D0%B5%D1%84%D0%BE%D0%BD%D1%8B%2F67.jpeg?alt=media&token=4f36dbfc-2a14-40a2-8c3f-a14b5a984838,2024-05-11 16:19:20.394+03,2024-05-11 16:19:20.394+03,14,6
97,Classicс,"Sony Classic - стильный и прочный кнопочный телефон для тех, кто ценит надежность и функциональность. Этот телефон обеспечит вас всем необходимым для комфортного общения и использования.",24990,12,2024-06-15 03:00:00+03,2024-06-30 03:00:00+03,2,0,https://firebasestorage.googleapis.com/v0/b/webstore-410ac.appspot.com/o/%D0%A2%D0%B5%D0%BB%D0%B5%D1%84%D0%BE%D0%BD%D1%8B%2F%D0%9A%D0%BD%D0%BE%D0%BF%D0%BE%D1%87%D0%BD%D1%8B%D0%B5%20%D1%82%D0%B5%D0%BB%D0%B5%D1%84%D0%BE%D0%BD%D1%8B%2F68.png?alt=media&token=c186ba84-6e2a-45b8-9a2e-845d2d0162f3,2024-05-11 16:19:35.661+03,2024-05-11 16:19:35.661+03,14,4
101,TouchBook,"Samsung TouchBook - компактный и мощный ноутбук с сенсорным экраном, идеальный для работы в движении и в любой ситуации. Переносите его с собой и наслаждайтесь высокой производительностью.",89990,10,2024-06-15 03:00:00+03,2024-06-30 03:00:00+03,5,0,https://firebasestorage.googleapis.com/v0/b/webstore-410ac.appspot.com/o/%D0%9D%D0%BE%D1%83%D1%82%D0%B1%D1%83%D0%BA%D0%B8%2F%D0%A1%D0%B5%D0%BD%D1%81%D0%BE%D1%80%D0%BD%D1%8B%D0%B5%20%D0%BD%D0%BE%D1%83%D1%82%D0%B1%D1%83%D0%BA%D0%B8%2F72.avif?alt=media&token=58081e5f-ed5e-48d1-b6f6-4e466aab9fe5,2024-05-11 16:21:27.939+03,2024-05-11 16:21:27.939+03,15,2
102,TouchPro,"Apple TouchPro - стильный и мощный ноутбук с сенсорным экраном, созданный для тех, кто ценит качество и удобство. Он обеспечит вас высокой производительностью и надежностью.",129990,15,2024-06-15 03:00:00+03,2024-06-30 03:00:00+03,2,0,https://firebasestorage.googleapis.com/v0/b/webstore-410ac.appspot.com/o/%D0%9D%D0%BE%D1%83%D1%82%D0%B1%D1%83%D0%BA%D0%B8%2F%D0%A1%D0%B5%D0%BD%D1%81%D0%BE%D1%80%D0%BD%D1%8B%D0%B5%20%D0%BD%D0%BE%D1%83%D1%82%D0%B1%D1%83%D0%BA%D0%B8%2F73.png?alt=media&token=424f5ed4-6ab7-4c1b-b0cf-0d5ef386a71f,2024-05-11 16:21:45.667+03,2024-05-11 16:21:45.667+03,15,1
103,TouchMaster,"Sony TouchMaster - надежный и стильный ноутбук с сенсорным экраном, который идеально подходит как для работы, так и для развлечений. Погрузитесь в мир высокой производительности и удобства с Sony TouchMaster.",94990,12,2024-06-15 03:00:00+03,2024-06-30 03:00:00+03,4,0,https://firebasestorage.googleapis.com/v0/b/webstore-410ac.appspot.com/o/%D0%9D%D0%BE%D1%83%D1%82%D0%B1%D1%83%D0%BA%D0%B8%2F%D0%A1%D0%B5%D0%BD%D1%81%D0%BE%D1%80%D0%BD%D1%8B%D0%B5%20%D0%BD%D0%BE%D1%83%D1%82%D0%B1%D1%83%D0%BA%D0%B8%2F74.avif?alt=media&token=44d62170-55b6-4616-8ef3-d21d61f32958,2024-05-11 16:22:27.155+03,2024-05-11 16:22:27.155+03,15,4
104,TouchPad,"Honor TouchPad - элегантный и функциональный ноутбук с сенсорным экраном, который обеспечит вас высокой производительностью и стабильной работой. Он станет незаменимым помощником как в работе, так и в развлечениях.",69990,5,2024-06-15 03:00:00+03,2024-06-30 03:00:00+03,1,0,https://firebasestorage.googleapis.com/v0/b/webstore-410ac.appspot.com/o/%D0%9D%D0%BE%D1%83%D1%82%D0%B1%D1%83%D0%BA%D0%B8%2F%D0%A1%D0%B5%D0%BD%D1%81%D0%BE%D1%80%D0%BD%D1%8B%D0%B5%20%D0%BD%D0%BE%D1%83%D1%82%D0%B1%D1%83%D0%BA%D0%B8%2F75.jpeg?alt=media&token=fddabd06-dc36-4bd9-a180-0a637a232505,2024-05-11 16:22:37.074+03,2024-05-11 16:22:37.074+03,15,5
105,MacBook Pro 2024,Новый Apple MacBook Pro 2024 - это воплощение передовых технологий и стильного дизайна. Он обеспечивает высокую производительность и невероятную графику для вашей работы и развлечений.,169990,10,2024-06-15 03:00:00+03,2024-06-30 03:00:00+03,3,0,https://firebasestorage.googleapis.com/v0/b/webstore-410ac.appspot.com/o/%D0%9D%D0%BE%D1%83%D1%82%D0%B1%D1%83%D0%BA%D0%B8%2F%D0%9D%D0%BE%D1%83%D1%82%D0%B1%D1%83%D0%BA%D0%B8%2F76.jpeg?alt=media&token=faea1946-4ca4-4b55-bd26-b3bc7fde21ce,2024-05-11 16:23:21.051+03,2024-05-11 16:23:21.051+03,16,1
100,ProTouch,"Xiaomi ProTouch - мощный и стильный ноутбук с сенсорным экраном, который обеспечит вас высокой производительностью и комфортом использования. Идеальный выбор для работы и развлечений.",79990,50,2024-06-15 03:00:00+03,2024-06-30 03:00:00+03,5,0,https://firebasestorage.googleapis.com/v0/b/webstore-410ac.appspot.com/o/%D0%9D%D0%BE%D1%83%D1%82%D0%B1%D1%83%D0%BA%D0%B8%2F%D0%A1%D0%B5%D0%BD%D1%81%D0%BE%D1%80%D0%BD%D1%8B%D0%B5%20%D0%BD%D0%BE%D1%83%D1%82%D0%B1%D1%83%D0%BA%D0%B8%2F71.jpeg?alt=media&token=0591041b-8e60-4e57-8bc0-d7fbdff84560,2024-05-11 16:21:18.858+03,2024-05-12 18:03:34.423+03,15,3
106,GalaxyBook Pro 2024,"Samsung GalaxyBook Pro 2024 - это ноутбук, который сочетает в себе мощность и мобильность. Его легкий и тонкий дизайн позволяет вам быть всегда на шаг впереди в ваших делах и развлечениях.",119990,8,2024-06-15 03:00:00+03,2024-06-30 03:00:00+03,2,0,https://firebasestorage.googleapis.com/v0/b/webstore-410ac.appspot.com/o/%D0%9D%D0%BE%D1%83%D1%82%D0%B1%D1%83%D0%BA%D0%B8%2F%D0%9D%D0%BE%D1%83%D1%82%D0%B1%D1%83%D0%BA%D0%B8%2F77.jpeg?alt=media&token=094c1839-5d4e-4ebf-bd47-47747f1b63ed,2024-05-11 16:23:32.135+03,2024-05-11 16:23:32.135+03,16,2
107,Mi Notebook Pro X,"Xiaomi Mi Notebook Pro X - это ноутбук, который удивит вас своей производительностью и функциональностью. Он создан для тех, кто ценит комфорт и эффективность в работе и развлечениях.",89990,6,2024-06-15 03:00:00+03,2024-06-30 03:00:00+03,4,0,https://firebasestorage.googleapis.com/v0/b/webstore-410ac.appspot.com/o/%D0%9D%D0%BE%D1%83%D1%82%D0%B1%D1%83%D0%BA%D0%B8%2F%D0%9D%D0%BE%D1%83%D1%82%D0%B1%D1%83%D0%BA%D0%B8%2F78.jpeg?alt=media&token=24cb324e-a696-4818-9827-f08e45c5810c,2024-05-11 16:23:41.043+03,2024-05-11 16:23:41.043+03,16,3
109,MagicBook Pro,"Honor MagicBook Pro - это ноутбук, который обеспечит вас мощностью и удобством в использовании. Он идеально подходит для работы и развлечений, обеспечивая надежную производительность.",79990,7,2024-06-15 03:00:00+03,2024-06-30 03:00:00+03,5,0,https://firebasestorage.googleapis.com/v0/b/webstore-410ac.appspot.com/o/%D0%9D%D0%BE%D1%83%D1%82%D0%B1%D1%83%D0%BA%D0%B8%2F%D0%9D%D0%BE%D1%83%D1%82%D0%B1%D1%83%D0%BA%D0%B8%2F80.jpeg?alt=media&token=e5dfa17f-bee8-4bb0-b422-5869d107c82e,2024-05-11 16:23:59.696+03,2024-05-11 16:23:59.696+03,16,5
108,VAIO Z,"Sony VAIO Z - это ноутбук, который объединяет в себе высокую производительность и элегантный дизайн. Он идеально подходит для профессионалов и тех, кто стремится к максимальной эффективности в работе и развлечениях.",159990,10,2024-06-15 03:00:00+03,2024-06-30 03:00:00+03,2,0,https://firebasestorage.googleapis.com/v0/b/webstore-410ac.appspot.com/o/%D0%9D%D0%BE%D1%83%D1%82%D0%B1%D1%83%D0%BA%D0%B8%2F%D0%9D%D0%BE%D1%83%D1%82%D0%B1%D1%83%D0%BA%D0%B8%2F79.jpeg?alt=media&token=0f4cf09c-a5ad-48be-84c7-07e840cfb98f,2024-05-11 16:23:51.013+03,2024-05-11 16:23:51.013+03,16,4
115,Wirelesss Keyboard,"Honor Wireless Keyboard - это компактная и стильная клавиатура, которая обеспечивает максимальный комфорт и производительность при работе с устройствами Honor. Она предлагает беспроводное подключение и высокую скорость передачи данных для эффективной работы.",5990,6,2024-06-15 03:00:00+03,2024-06-30 03:00:00+03,3,0,https://firebasestorage.googleapis.com/v0/b/webstore-410ac.appspot.com/o/%D0%9F%D0%B5%D1%80%D0%B8%D1%84%D0%B5%D1%80%D0%B8%D1%8F%2F%D0%9A%D0%BB%D0%B0%D0%B2%D0%B8%D0%B0%D1%82%D1%83%D1%80%D1%8B%2F57.avif?alt=media&token=8bcc43ed-a1c6-4acf-be99-af23bbe210f7,2024-05-11 16:28:10.25+03,2024-05-11 16:28:10.25+03,12,5
32,Galaxy Buds Pro,"Современные беспроводные наушники Samsung Galaxy Buds Pro обеспечивают высококачественное звучание и комфортное ношение. Они оснащены технологией активного шумоподавления, которая позволяет наслаждаться музыкой без помех от окружающего шума. Наушники имеют эргономичный дизайн и долгое время автономной работы.",16990,5,2024-06-21 03:00:00+03,2024-06-26 03:00:00+03,15,0,https://firebasestorage.googleapis.com/v0/b/webstore-410ac.appspot.com/o/%D0%9D%D0%B0%D1%83%D1%88%D0%BD%D0%B8%D0%BA%D0%B8%2F%D0%91%D0%B5%D1%81%D0%BF%D1%80%D0%BE%D0%B2%D0%BE%D0%B4%D0%BD%D1%8B%D0%B5%20%D0%BD%D0%B0%D1%83%D1%88%D0%BD%D0%B8%D0%BA%D0%B8%2F4.webp?alt=media&token=9ca0de1f-f479-42e2-89ed-7db97ebbf9ff,2024-05-10 19:17:04.776+03,2024-05-10 19:17:04.776+03,1,2
33,Mi True Wireless Earbuds,"Беспроводные наушники Xiaomi Mi True Wireless Earbuds обеспечивают отличное качество звука и удобство использования. Они имеют стильный и компактный дизайн, а также хорошую эргономику для комфортного ношения. Наушники совместимы с различными устройствами благодаря Bluetooth-технологии и обладают долгим временем работы от одной зарядки.",5990,0,2024-06-22 03:00:00+03,2024-06-27 03:00:00+03,10,0,https://firebasestorage.googleapis.com/v0/b/webstore-410ac.appspot.com/o/%D0%9D%D0%B0%D1%83%D1%88%D0%BD%D0%B8%D0%BA%D0%B8%2F%D0%91%D0%B5%D1%81%D0%BF%D1%80%D0%BE%D0%B2%D0%BE%D0%B4%D0%BD%D1%8B%D0%B5%20%D0%BD%D0%B0%D1%83%D1%88%D0%BD%D0%B8%D0%BA%D0%B8%2F5.png?alt=media&token=65fd4a13-9876-466f-8385-08001c00fc67,2024-05-10 19:17:50.387+03,2024-05-10 19:17:50.387+03,1,3
30,WF-1000XM4,"Sony WF-1000XM4 - это премиальные беспроводные наушники, предлагающие высокое качество звука и передовые технологии шумоподавления. Они обеспечивают исключительно чистый звук благодаря технологии DSEE Extreme и поддержке LDAC. Благодаря активному шумоподавлению вы сможете наслаждаться музыкой без помех в любой обстановке. Кроме того, эти наушники имеют стильный и эргономичный дизайн, обеспечивающий комфортное ношение на протяжении всего дня.",27990,0,2024-06-20 03:00:00+03,2024-06-25 03:00:00+03,1,0,https://firebasestorage.googleapis.com/v0/b/webstore-410ac.appspot.com/o/%D0%9D%D0%B0%D1%83%D1%88%D0%BD%D0%B8%D0%BA%D0%B8%2F%D0%91%D0%B5%D1%81%D0%BF%D1%80%D0%BE%D0%B2%D0%BE%D0%B4%D0%BD%D1%8B%D0%B5%20%D0%BD%D0%B0%D1%83%D1%88%D0%BD%D0%B8%D0%BA%D0%B8%2F2.jpeg?alt=media&token=eb9b7f5c-8c5e-4fe7-a3cf-7a3babb88ac6,2024-05-10 19:11:17.153+03,2024-05-11 23:28:09.294+03,1,4
31,AirPods Pro,"AirPods Pro — это беспроводные наушники, которые обеспечивают качественное звучание, надежное соединение и комфортное ношение. Они оснащены активным шумоподавлением, что позволяет наслаждаться музыкой или звуковыми книгами без помех в любом месте. Батарея наушников длится долго, а их компактный дизайн делает их удобными для использования в любых ситуациях.",18990,10,2024-06-20 03:00:00+03,2024-06-25 03:00:00+03,28,0,https://firebasestorage.googleapis.com/v0/b/webstore-410ac.appspot.com/o/%D0%9D%D0%B0%D1%83%D1%88%D0%BD%D0%B8%D0%BA%D0%B8%2F%D0%91%D0%B5%D1%81%D0%BF%D1%80%D0%BE%D0%B2%D0%BE%D0%B4%D0%BD%D1%8B%D0%B5%20%D0%BD%D0%B0%D1%83%D1%88%D0%BD%D0%B8%D0%BA%D0%B8%2F3.jpeg?alt=media&token=340f5f95-9e11-40c9-83e0-a6128cbc88ac,2024-05-10 19:14:55.097+03,2024-05-11 23:28:09.295+03,1,1
29,Mi True Wireless Earbuds 3 Pro,"Mi True Wireless Earbuds 3 Pro - это новейшие беспроводные наушники от Xiaomi, предлагающие передовые технологии для настоящего звукового опыта. Они обеспечивают высокое качество звука благодаря поддержке LDAC и высокоточным драйверам. Благодаря активному шумоподавлению вы сможете наслаждаться чистым звуком, не отвлекаясь на окружающие шумы. Кроме того, у них удобный и эргономичный дизайн, обеспечивающий комфортное ношение в течение всего дня.",7990,40,2024-06-20 03:00:00+03,2024-06-25 03:00:00+03,10,5,https://firebasestorage.googleapis.com/v0/b/webstore-410ac.appspot.com/o/%D0%9D%D0%B0%D1%83%D1%88%D0%BD%D0%B8%D0%BA%D0%B8%2F%D0%91%D0%B5%D1%81%D0%BF%D1%80%D0%BE%D0%B2%D0%BE%D0%B4%D0%BD%D1%8B%D0%B5%20%D0%BD%D0%B0%D1%83%D1%88%D0%BD%D0%B8%D0%BA%D0%B8%2F1.png?alt=media&token=497adbb5-fdb7-44ad-b3c2-ba6a00ff899c,2024-05-10 18:54:42.669+03,2024-05-10 19:06:14.17+03,1,3
38,FlyPods Pro,"Honor FlyPods Pro - это ультрасовременные беспроводные наушники с передовыми функциями. Они предлагают невероятно качественное звучание благодаря технологии активного шумоподавления. Удобные в использовании и элегантные на вид, эти наушники станут отличным дополнением к вашему мобильному образу жизни.",4490,45,2024-06-25 03:00:00+03,2024-07-01 03:00:00+03,5,0,https://firebasestorage.googleapis.com/v0/b/webstore-410ac.appspot.com/o/%D0%9D%D0%B0%D1%83%D1%88%D0%BD%D0%B8%D0%BA%D0%B8%2F%D0%9D%D0%B0%D1%83%D1%88%D0%BD%D0%B8%D0%BA%D0%B8%20TWS%2F10.png?alt=media&token=16650ff2-1539-4ff8-9974-53a88c0eeab9,2024-05-11 15:23:46.784+03,2024-05-11 15:23:46.784+03,2,5
